{
	"TrackName": "imola",
	"TrackConfig": "",
	"Type": "QUALIFY",
	"DurationSecs": 0,
	"RaceLaps": 0,
	"Cars": [
		{
			"CarId": 0,
			"Driver": {
				"Name": "Manu Prado",
				"Team": "",
				"Nation": "ARG",
				"Guid": "76561198095517582",
				"GuidsList": [
					"76561198095517582"
				]
			},
			"Model": "rss_formula_hybrid_2021",
			"Skin": "Levitan_45",
			"BallastKG": 0,
			"Restrictor": 0
		},
		{
			"CarId": 1,
			"Driver": {
				"Name": "MarianoWS",
				"Team": "",
				"Nation": "",
				"Guid": "76561198169865965",
				"GuidsList": [
					""
				]
			},
			"Model": "rss_formula_hybrid_2021",
			"Skin": "Levitan_95",
			"BallastKG": 0,
			"Restrictor": 0
		},
		{
			"CarId": 2,
			"Driver": {
				"Name": "",
				"Team": "",
				"Nation": "",
				"Guid": "",
				"GuidsList": [
					""
				]
			},
			"Model": "rss_formula_hybrid_2021",
			"Skin": "r_47_Uralkali_Haas_F1_Team_VF-21",
			"BallastKG": 0,
			"Restrictor": 0
		},
		{
			"CarId": 3,
			"Driver": {
				"Name": "",
				"Team": "",
				"Nation": "",
				"Guid": "",
				"GuidsList": [
					""
				]
			},
			"Model": "rss_formula_hybrid_2021",
			"Skin": "6_red_pilotera_47",
			"BallastKG": 0,
			"Restrictor": 0
		},
		{
			"CarId": 4,
			"Driver": {
				"Name": "",
				"Team": "",
				"Nation": "",
				"Guid": "",
				"GuidsList": [
					""
				]
			},
			"Model": "rss_formula_hybrid_2021",
			"Skin": "Levitan_45",
			"BallastKG": 0,
			"Restrictor": 0
		},
		{
			"CarId": 5,
			"Driver": {
				"Name": "",
				"Team": "",
				"Nation": "",
				"Guid": "",
				"GuidsList": [
					""
				]
			},
			"Model": "rss_formula_hybrid_2021",
			"Skin": "3_dark-blue_lightning_40",
			"BallastKG": 0,
			"Restrictor": 0
		},
		{
			"CarId": 6,
			"Driver": {
				"Name": "",
				"Team": "",
				"Nation": "",
				"Guid": "",
				"GuidsList": [
					""
				]
			},
			"Model": "rss_formula_hybrid_2021",
			"Skin": "f_4_McLaren_F1_Team_MCL35M",
			"BallastKG": 0,
			"Restrictor": 0
		},
		{
			"CarId": 7,
			"Driver": {
				"Name": "",
				"Team": "",
				"Nation": "",
				"Guid": "",
				"GuidsList": [
					""
				]
			},
			"Model": "rss_formula_hybrid_2021",
			"Skin": "3_dark-blue_lightning_40",
			"BallastKG": 0,
			"Restrictor": 0
		},
		{
			"CarId": 8,
			"Driver": {
				"Name": "",
				"Team": "",
				"Nation": "",
				"Guid": "",
				"GuidsList": [
					""
				]
			},
			"Model": "rss_formula_hybrid_2021",
			"Skin": "3_dark-blue_lightning_40",
			"BallastKG": 0,
			"Restrictor": 0
		},
		{
			"CarId": 9,
			"Driver": {
				"Name": "",
				"Team": "",
				"Nation": "",
				"Guid": "",
				"GuidsList": [
					""
				]
			},
			"Model": "rss_formula_hybrid_2021",
			"Skin": "d_11_Red_Bull_Racing_Honda_RB16B",
			"BallastKG": 0,
			"Restrictor": 0
		},
		{
			"CarId": 10,
			"Driver": {
				"Name": "",
				"Team": "",
				"Nation": "",
				"Guid": "",
				"GuidsList": [
					""
				]
			},
			"Model": "rss_formula_hybrid_2021",
			"Skin": "r_47_Uralkali_Haas_F1_Team_VF-21",
			"BallastKG": 0,
			"Restrictor": 0
		}
	],
	"Result": [
		{
			"DriverName": "MarianoWS",
			"DriverGuid": "76561198169865965",
			"CarId": 1,
			"CarModel": "rss_formula_hybrid_2021",
			"BestLap": 81381,
			"TotalTime": 568224,
			"BallastKG": 0,
			"Restrictor": 0
		},
		{
			"DriverName": "Manu Prado",
			"DriverGuid": "76561198095517582",
			"CarId": 0,
			"CarModel": "rss_formula_hybrid_2021",
			"BestLap": 82368,
			"TotalTime": 679081,
			"BallastKG": 0,
			"Restrictor": 0
		},
		{
			"DriverName": "",
			"DriverGuid": "",
			"CarId": 2,
			"CarModel": "rss_formula_hybrid_2021",
			"BestLap": 999999999,
			"TotalTime": 0,
			"BallastKG": 0,
			"Restrictor": 0
		},
		{
			"DriverName": "",
			"DriverGuid": "",
			"CarId": 3,
			"CarModel": "rss_formula_hybrid_2021",
			"BestLap": 999999999,
			"TotalTime": 0,
			"BallastKG": 0,
			"Restrictor": 0
		},
		{
			"DriverName": "",
			"DriverGuid": "",
			"CarId": 4,
			"CarModel": "rss_formula_hybrid_2021",
			"BestLap": 999999999,
			"TotalTime": 0,
			"BallastKG": 0,
			"Restrictor": 0
		},
		{
			"DriverName": "",
			"DriverGuid": "",
			"CarId": 5,
			"CarModel": "rss_formula_hybrid_2021",
			"BestLap": 999999999,
			"TotalTime": 0,
			"BallastKG": 0,
			"Restrictor": 0
		},
		{
			"DriverName": "",
			"DriverGuid": "",
			"CarId": 6,
			"CarModel": "rss_formula_hybrid_2021",
			"BestLap": 999999999,
			"TotalTime": 0,
			"BallastKG": 0,
			"Restrictor": 0
		},
		{
			"DriverName": "",
			"DriverGuid": "",
			"CarId": 7,
			"CarModel": "rss_formula_hybrid_2021",
			"BestLap": 999999999,
			"TotalTime": 0,
			"BallastKG": 0,
			"Restrictor": 0
		},
		{
			"DriverName": "",
			"DriverGuid": "",
			"CarId": 8,
			"CarModel": "rss_formula_hybrid_2021",
			"BestLap": 999999999,
			"TotalTime": 0,
			"BallastKG": 0,
			"Restrictor": 0
		},
		{
			"DriverName": "",
			"DriverGuid": "",
			"CarId": 9,
			"CarModel": "rss_formula_hybrid_2021",
			"BestLap": 999999999,
			"TotalTime": 0,
			"BallastKG": 0,
			"Restrictor": 0
		},
		{
			"DriverName": "",
			"DriverGuid": "",
			"CarId": 10,
			"CarModel": "rss_formula_hybrid_2021",
			"BestLap": 999999999,
			"TotalTime": 0,
			"BallastKG": 0,
			"Restrictor": 0
		}
	],
	"Laps": [
		{
			"DriverName": "MarianoWS",
			"DriverGuid": "76561198169865965",
			"CarId": 1,
			"CarModel": "rss_formula_hybrid_2021",
			"Timestamp": 818816,
			"LapTime": 118467,
			"Sectors": [
				55809,
				33884,
				28774
			],
			"Cuts": 2,
			"BallastKG": 0,
			"Tyre": "C3",
			"Restrictor": 0
		},
		{
			"DriverName": "MarianoWS",
			"DriverGuid": "76561198169865965",
			"CarId": 1,
			"CarModel": "rss_formula_hybrid_2021",
			"Timestamp": 901813,
			"LapTime": 82989,
			"Sectors": [
				23337,
				31905,
				27747
			],
			"Cuts": 0,
			"BallastKG": 0,
			"Tyre": "C3",
			"Restrictor": 0
		},
		{
			"DriverName": "Manu Prado",
			"DriverGuid": "76561198095517582",
			"CarId": 0,
			"CarModel": "rss_formula_hybrid_2021",
			"Timestamp": 972366,
			"LapTime": 109734,
			"Sectors": [
				44951,
				34524,
				30259
			],
			"Cuts": 0,
			"BallastKG": 0,
			"Tyre": "C3",
			"Restrictor": 0
		},
		{
			"DriverName": "MarianoWS",
			"DriverGuid": "76561198169865965",
			"CarId": 1,
			"CarModel": "rss_formula_hybrid_2021",
			"Timestamp": 995066,
			"LapTime": 93262,
			"Sectors": [
				28997,
				36397,
				27868
			],
			"Cuts": 1,
			"BallastKG": 0,
			"Tyre": "C3",
			"Restrictor": 0
		},
		{
			"DriverName": "Manu Prado",
			"DriverGuid": "76561198095517582",
			"CarId": 0,
			"CarModel": "rss_formula_hybrid_2021",
			"Timestamp": 1059470,
			"LapTime": 87110,
			"Sectors": [
				24488,
				32995,
				29627
			],
			"Cuts": 0,
			"BallastKG": 0,
			"Tyre": "C3",
			"Restrictor": 0
		},
		{
			"DriverName": "MarianoWS",
			"DriverGuid": "76561198169865965",
			"CarId": 1,
			"CarModel": "rss_formula_hybrid_2021",
			"Timestamp": 1088294,
			"LapTime": 93228,
			"Sectors": [
				32662,
				31495,
				29071
			],
			"Cuts": 1,
			"BallastKG": 0,
			"Tyre": "C3",
			"Restrictor": 0
		},
		{
			"DriverName": "Manu Prado",
			"DriverGuid": "76561198095517582",
			"CarId": 0,
			"CarModel": "rss_formula_hybrid_2021",
			"Timestamp": 1179611,
			"LapTime": 120139,
			"Sectors": [
				23781,
				31607,
				64751
			],
			"Cuts": 1,
			"BallastKG": 0,
			"Tyre": "C3",
			"Restrictor": 0
		},
		{
			"DriverName": "MarianoWS",
			"DriverGuid": "76561198169865965",
			"CarId": 1,
			"CarModel": "rss_formula_hybrid_2021",
			"Timestamp": 1187165,
			"LapTime": 98873,
			"Sectors": [
				23103,
				46727,
				29043
			],
			"Cuts": 2,
			"BallastKG": 0,
			"Tyre": "C3",
			"Restrictor": 0
		},
		{
			"DriverName": "MarianoWS",
			"DriverGuid": "76561198169865965",
			"CarId": 1,
			"CarModel": "rss_formula_hybrid_2021",
			"Timestamp": 1268546,
			"LapTime": 81381,
			"Sectors": [
				22539,
				31167,
				27675
			],
			"Cuts": 0,
			"BallastKG": 0,
			"Tyre": "C3",
			"Restrictor": 0
		},
		{
			"DriverName": "Manu Prado",
			"DriverGuid": "76561198095517582",
			"CarId": 0,
			"CarModel": "rss_formula_hybrid_2021",
			"Timestamp": 1297014,
			"LapTime": 117402,
			"Sectors": [
				44623,
				39055,
				33724
			],
			"Cuts": 0,
			"BallastKG": 0,
			"Tyre": "C5",
			"Restrictor": 0
		},
		{
			"DriverName": "Manu Prado",
			"DriverGuid": "76561198095517582",
			"CarId": 0,
			"CarModel": "rss_formula_hybrid_2021",
			"Timestamp": 1379385,
			"LapTime": 82368,
			"Sectors": [
				22990,
				30892,
				28486
			],
			"Cuts": 0,
			"BallastKG": 0,
			"Tyre": "C5",
			"Restrictor": 0
		}
	],
	"Events": [
		{
			"Type": "COLLISION_WITH_ENV",
			"CarId": 1,
			"Driver": {
				"Name": "MarianoWS",
				"Team": "",
				"Nation": "",
				"Guid": "76561198169865965",
				"GuidsList": [
					""
				]
			},
			"OtherCarId": -1,
			"OtherDriver": {
				"Name": "",
				"Team": "",
				"Nation": "",
				"Guid": "",
				"GuidsList": null
			},
			"ImpactSpeed": 13.48142,
			"WorldPosition": {
				"X": -863.124,
				"Y": -70.14302,
				"Z": 470.35898
			},
			"RelPosition": {
				"X": -0.9979675,
				"Y": -0.034002066,
				"Z": 2.934812
			}
		},
		{
			"Type": "COLLISION_WITH_ENV",
			"CarId": 0,
			"Driver": {
				"Name": "Manu Prado",
				"Team": "",
				"Nation": "ARG",
				"Guid": "76561198095517582",
				"GuidsList": [
					"76561198095517582"
				]
			},
			"OtherCarId": -1,
			"OtherDriver": {
				"Name": "",
				"Team": "",
				"Nation": "",
				"Guid": "",
				"GuidsList": null
			},
			"ImpactSpeed": 33.860653,
			"WorldPosition": {
				"X": 397.31073,
				"Y": -57.911377,
				"Z": -65.56879
			},
			"RelPosition": {
				"X": -0.997964,
				"Y": -0.034004256,
				"Z": 2.934789
			}
		},
		{
			"Type": "COLLISION_WITH_ENV",
			"CarId": 1,
			"Driver": {
				"Name": "MarianoWS",
				"Team": "",
				"Nation": "",
				"Guid": "76561198169865965",
				"GuidsList": [
					""
				]
			},
			"OtherCarId": -1,
			"OtherDriver": {
				"Name": "",
				"Team": "",
				"Nation": "",
				"Guid": "",
				"GuidsList": null
			},
			"ImpactSpeed": 0.5709176,
			"WorldPosition": {
				"X": -853.2547,
				"Y": -69.170364,
				"Z": 468.84872
			},
			"RelPosition": {
				"X": -0.99241006,
				"Y": 0.4963999,
				"Z": -2.0533204
			}
		},
		{
			"Type": "COLLISION_WITH_ENV",
			"CarId": 1,
			"Driver": {
				"Name": "MarianoWS",
				"Team": "",
				"Nation": "",
				"Guid": "76561198169865965",
				"GuidsList": [
					""
				]
			},
			"OtherCarId": -1,
			"OtherDriver": {
				"Name": "",
				"Team": "",
				"Nation": "",
				"Guid": "",
				"GuidsList": null
			},
			"ImpactSpeed": 4.8886137,
			"WorldPosition": {
				"X": 491.5364,
				"Y": -86.50424,
				"Z": -404.82495
			},
			"RelPosition": {
				"X": -1.0035348,
				"Y": -0.25405532,
				"Z": 2.9378932
			}
		},
		{
			"Type": "COLLISION_WITH_ENV",
			"CarId": 1,
			"Driver": {
				"Name": "MarianoWS",
				"Team": "",
				"Nation": "",
				"Guid": "76561198169865965",
				"GuidsList": [
					""
				]
			},
			"OtherCarId": -1,
			"OtherDriver": {
				"Name": "",
				"Team": "",
				"Nation": "",
				"Guid": "",
				"GuidsList": null
			},
			"ImpactSpeed": 12.094146,
			"WorldPosition": {
				"X": -845.9819,
				"Y": -69.400276,
				"Z": 467.73154
			},
			"RelPosition": {
				"X": 0.9947076,
				"Y": -0.03431335,
				"Z": 2.9188967
			}
		}
	]
}