{
	"TrackName": "imola",
	"TrackConfig": "",
	"Type": "PRACTICE",
	"DurationSecs": 0,
	"RaceLaps": 0,
	"Cars": [
		{
			"CarId": 0,
			"Driver": {
				"Name": "Manu Prado",
				"Team": "",
				"Nation": "ARG",
				"Guid": "76561198095517582",
				"GuidsList": [
					"76561198095517582"
				]
			},
			"Model": "rss_formula_hybrid_2021",
			"Skin": "Levitan_45",
			"BallastKG": 0,
			"Restrictor": 0
		},
		{
			"CarId": 1,
			"Driver": {
				"Name": "MarianoWS",
				"Team": "",
				"Nation": "",
				"Guid": "76561198169865965",
				"GuidsList": [
					""
				]
			},
			"Model": "rss_formula_hybrid_2021",
			"Skin": "Levitan_95",
			"BallastKG": 0,
			"Restrictor": 0
		},
		{
			"CarId": 2,
			"Driver": {
				"Name": "",
				"Team": "",
				"Nation": "",
				"Guid": "",
				"GuidsList": [
					""
				]
			},
			"Model": "rss_formula_hybrid_2021",
			"Skin": "r_47_Uralkali_Haas_F1_Team_VF-21",
			"BallastKG": 0,
			"Restrictor": 0
		},
		{
			"CarId": 3,
			"Driver": {
				"Name": "",
				"Team": "",
				"Nation": "",
				"Guid": "",
				"GuidsList": [
					""
				]
			},
			"Model": "rss_formula_hybrid_2021",
			"Skin": "6_red_pilotera_47",
			"BallastKG": 0,
			"Restrictor": 0
		},
		{
			"CarId": 4,
			"Driver": {
				"Name": "",
				"Team": "",
				"Nation": "",
				"Guid": "",
				"GuidsList": [
					""
				]
			},
			"Model": "rss_formula_hybrid_2021",
			"Skin": "Levitan_45",
			"BallastKG": 0,
			"Restrictor": 0
		},
		{
			"CarId": 5,
			"Driver": {
				"Name": "",
				"Team": "",
				"Nation": "",
				"Guid": "",
				"GuidsList": [
					""
				]
			},
			"Model": "rss_formula_hybrid_2021",
			"Skin": "3_dark-blue_lightning_40",
			"BallastKG": 0,
			"Restrictor": 0
		},
		{
			"CarId": 6,
			"Driver": {
				"Name": "",
				"Team": "",
				"Nation": "",
				"Guid": "",
				"GuidsList": [
					""
				]
			},
			"Model": "rss_formula_hybrid_2021",
			"Skin": "f_4_McLaren_F1_Team_MCL35M",
			"BallastKG": 0,
			"Restrictor": 0
		},
		{
			"CarId": 7,
			"Driver": {
				"Name": "",
				"Team": "",
				"Nation": "",
				"Guid": "",
				"GuidsList": [
					""
				]
			},
			"Model": "rss_formula_hybrid_2021",
			"Skin": "3_dark-blue_lightning_40",
			"BallastKG": 0,
			"Restrictor": 0
		},
		{
			"CarId": 8,
			"Driver": {
				"Name": "",
				"Team": "",
				"Nation": "",
				"Guid": "",
				"GuidsList": [
					""
				]
			},
			"Model": "rss_formula_hybrid_2021",
			"Skin": "3_dark-blue_lightning_40",
			"BallastKG": 0,
			"Restrictor": 0
		},
		{
			"CarId": 9,
			"Driver": {
				"Name": "",
				"Team": "",
				"Nation": "",
				"Guid": "",
				"GuidsList": [
					""
				]
			},
			"Model": "rss_formula_hybrid_2021",
			"Skin": "d_11_Red_Bull_Racing_Honda_RB16B",
			"BallastKG": 0,
			"Restrictor": 0
		},
		{
			"CarId": 10,
			"Driver": {
				"Name": "",
				"Team": "",
				"Nation": "",
				"Guid": "",
				"GuidsList": [
					""
				]
			},
			"Model": "rss_formula_hybrid_2021",
			"Skin": "r_47_Uralkali_Haas_F1_Team_VF-21",
			"BallastKG": 0,
			"Restrictor": 0
		}
	],
	"Result": [
		{
			"DriverName": "MarianoWS",
			"DriverGuid": "76561198169865965",
			"CarId": 1,
			"CarModel": "rss_formula_hybrid_2021",
			"BestLap": 999999999,
			"TotalTime": 0,
			"BallastKG": 0,
			"Restrictor": 0
		},
		{
			"DriverName": "Manu Prado",
			"DriverGuid": "76561198095517582",
			"CarId": 0,
			"CarModel": "rss_formula_hybrid_2021",
			"BestLap": 999999999,
			"TotalTime": 0,
			"BallastKG": 0,
			"Restrictor": 0
		},
		{
			"DriverName": "",
			"DriverGuid": "",
			"CarId": 2,
			"CarModel": "rss_formula_hybrid_2021",
			"BestLap": 999999999,
			"TotalTime": 0,
			"BallastKG": 0,
			"Restrictor": 0
		},
		{
			"DriverName": "",
			"DriverGuid": "",
			"CarId": 3,
			"CarModel": "rss_formula_hybrid_2021",
			"BestLap": 999999999,
			"TotalTime": 0,
			"BallastKG": 0,
			"Restrictor": 0
		},
		{
			"DriverName": "",
			"DriverGuid": "",
			"CarId": 4,
			"CarModel": "rss_formula_hybrid_2021",
			"BestLap": 999999999,
			"TotalTime": 0,
			"BallastKG": 0,
			"Restrictor": 0
		},
		{
			"DriverName": "",
			"DriverGuid": "",
			"CarId": 5,
			"CarModel": "rss_formula_hybrid_2021",
			"BestLap": 999999999,
			"TotalTime": 0,
			"BallastKG": 0,
			"Restrictor": 0
		},
		{
			"DriverName": "",
			"DriverGuid": "",
			"CarId": 6,
			"CarModel": "rss_formula_hybrid_2021",
			"BestLap": 999999999,
			"TotalTime": 0,
			"BallastKG": 0,
			"Restrictor": 0
		},
		{
			"DriverName": "",
			"DriverGuid": "",
			"CarId": 7,
			"CarModel": "rss_formula_hybrid_2021",
			"BestLap": 999999999,
			"TotalTime": 0,
			"BallastKG": 0,
			"Restrictor": 0
		},
		{
			"DriverName": "",
			"DriverGuid": "",
			"CarId": 8,
			"CarModel": "rss_formula_hybrid_2021",
			"BestLap": 999999999,
			"TotalTime": 0,
			"BallastKG": 0,
			"Restrictor": 0
		},
		{
			"DriverName": "",
			"DriverGuid": "",
			"CarId": 9,
			"CarModel": "rss_formula_hybrid_2021",
			"BestLap": 999999999,
			"TotalTime": 0,
			"BallastKG": 0,
			"Restrictor": 0
		},
		{
			"DriverName": "",
			"DriverGuid": "",
			"CarId": 10,
			"CarModel": "rss_formula_hybrid_2021",
			"BestLap": 999999999,
			"TotalTime": 0,
			"BallastKG": 0,
			"Restrictor": 0
		}
	],
	"Laps": [
		{
			"DriverName": "MarianoWS",
			"DriverGuid": "76561198169865965",
			"CarId": 1,
			"CarModel": "rss_formula_hybrid_2021",
			"Timestamp": 243108,
			"LapTime": 168746,
			"Sectors": [
				77698,
				39299,
				51749
			],
			"Cuts": 4,
			"BallastKG": 0,
			"Tyre": "C3",
			"Restrictor": 0
		},
		{
			"DriverName": "Manu Prado",
			"DriverGuid": "76561198095517582",
			"CarId": 0,
			"CarModel": "rss_formula_hybrid_2021",
			"Timestamp": 245163,
			"LapTime": 170051,
			"Sectors": [
				87445,
				47772,
				34834
			],
			"Cuts": 5,
			"BallastKG": 0,
			"Tyre": "C3",
			"Restrictor": 0
		},
		{
			"DriverName": "MarianoWS",
			"DriverGuid": "76561198169865965",
			"CarId": 1,
			"CarModel": "rss_formula_hybrid_2021",
			"Timestamp": 390587,
			"LapTime": 147481,
			"Sectors": [
				23871,
				65214,
				58396
			],
			"Cuts": 5,
			"BallastKG": 0,
			"Tyre": "C3",
			"Restrictor": 0
		},
		{
			"DriverName": "Manu Prado",
			"DriverGuid": "76561198095517582",
			"CarId": 0,
			"CarModel": "rss_formula_hybrid_2021",
			"Timestamp": 416395,
			"LapTime": 171228,
			"Sectors": [
				99461,
				38503,
				33264
			],
			"Cuts": 1,
			"BallastKG": 0,
			"Tyre": "C3",
			"Restrictor": 0
		},
		{
			"DriverName": "MarianoWS",
			"DriverGuid": "76561198169865965",
			"CarId": 1,
			"CarModel": "rss_formula_hybrid_2021",
			"Timestamp": 514254,
			"LapTime": 123665,
			"Sectors": [
				23959,
				58648,
				41058
			],
			"Cuts": 3,
			"BallastKG": 0,
			"Tyre": "C3",
			"Restrictor": 0
		},
		{
			"DriverName": "Manu Prado",
			"DriverGuid": "76561198095517582",
			"CarId": 0,
			"CarModel": "rss_formula_hybrid_2021",
			"Timestamp": 529568,
			"LapTime": 113170,
			"Sectors": [
				27872,
				40104,
				45194
			],
			"Cuts": 3,
			"BallastKG": 0,
			"Tyre": "C3",
			"Restrictor": 0
		}
	],
	"Events": [
		{
			"Type": "COLLISION_WITH_ENV",
			"CarId": 0,
			"Driver": {
				"Name": "Manu Prado",
				"Team": "",
				"Nation": "ARG",
				"Guid": "76561198095517582",
				"GuidsList": [
					"76561198095517582"
				]
			},
			"OtherCarId": -1,
			"OtherDriver": {
				"Name": "",
				"Team": "",
				"Nation": "",
				"Guid": "",
				"GuidsList": null
			},
			"ImpactSpeed": 2.457905,
			"WorldPosition": {
				"X": -807.0426,
				"Y": -80.06632,
				"Z": 285.51706
			},
			"RelPosition": {
				"X": -1.0031946,
				"Y": -0.2412112,
				"Z": 2.9377048
			}
		},
		{
			"Type": "COLLISION_WITH_ENV",
			"CarId": 0,
			"Driver": {
				"Name": "Manu Prado",
				"Team": "",
				"Nation": "ARG",
				"Guid": "76561198095517582",
				"GuidsList": [
					"76561198095517582"
				]
			},
			"OtherCarId": -1,
			"OtherDriver": {
				"Name": "",
				"Team": "",
				"Nation": "",
				"Guid": "",
				"GuidsList": null
			},
			"ImpactSpeed": 39.829174,
			"WorldPosition": {
				"X": -887.1631,
				"Y": -76.829506,
				"Z": 412.7395
			},
			"RelPosition": {
				"X": 0.99796927,
				"Y": -0.03399635,
				"Z": 2.9347978
			}
		},
		{
			"Type": "COLLISION_WITH_ENV",
			"CarId": 1,
			"Driver": {
				"Name": "MarianoWS",
				"Team": "",
				"Nation": "",
				"Guid": "76561198169865965",
				"GuidsList": [
					""
				]
			},
			"OtherCarId": -1,
			"OtherDriver": {
				"Name": "",
				"Team": "",
				"Nation": "",
				"Guid": "",
				"GuidsList": null
			},
			"ImpactSpeed": 50.29569,
			"WorldPosition": {
				"X": 424.41486,
				"Y": -58.479004,
				"Z": -74.02745
			},
			"RelPosition": {
				"X": 0.0000072717667,
				"Y": -0.18705674,
				"Z": 3.1395848
			}
		},
		{
			"Type": "COLLISION_WITH_ENV",
			"CarId": 0,
			"Driver": {
				"Name": "Manu Prado",
				"Team": "",
				"Nation": "ARG",
				"Guid": "76561198095517582",
				"GuidsList": [
					"76561198095517582"
				]
			},
			"OtherCarId": -1,
			"OtherDriver": {
				"Name": "",
				"Team": "",
				"Nation": "",
				"Guid": "",
				"GuidsList": null
			},
			"ImpactSpeed": 79.99752,
			"WorldPosition": {
				"X": -844.26416,
				"Y": -79.09229,
				"Z": 334.97922
			},
			"RelPosition": {
				"X": -0.6787008,
				"Y": -0.23690346,
				"Z": 3.0032825
			}
		},
		{
			"Type": "COLLISION_WITH_ENV",
			"CarId": 1,
			"Driver": {
				"Name": "MarianoWS",
				"Team": "",
				"Nation": "",
				"Guid": "76561198169865965",
				"GuidsList": [
					""
				]
			},
			"OtherCarId": -1,
			"OtherDriver": {
				"Name": "",
				"Team": "",
				"Nation": "",
				"Guid": "",
				"GuidsList": null
			},
			"ImpactSpeed": 9.926695,
			"WorldPosition": {
				"X": -844.0442,
				"Y": -69.30681,
				"Z": 467.4283
			},
			"RelPosition": {
				"X": 0.9978979,
				"Y": -0.0340091,
				"Z": 2.9348257
			}
		},
		{
			"Type": "COLLISION_WITH_ENV",
			"CarId": 1,
			"Driver": {
				"Name": "MarianoWS",
				"Team": "",
				"Nation": "",
				"Guid": "76561198169865965",
				"GuidsList": [
					""
				]
			},
			"OtherCarId": -1,
			"OtherDriver": {
				"Name": "",
				"Team": "",
				"Nation": "",
				"Guid": "",
				"GuidsList": null
			},
			"ImpactSpeed": 10.41423,
			"WorldPosition": {
				"X": -839.6597,
				"Y": -69.11506,
				"Z": 466.76038
			},
			"RelPosition": {
				"X": 0.997943,
				"Y": -0.033995867,
				"Z": 2.9348304
			}
		},
		{
			"Type": "COLLISION_WITH_ENV",
			"CarId": 1,
			"Driver": {
				"Name": "MarianoWS",
				"Team": "",
				"Nation": "",
				"Guid": "76561198169865965",
				"GuidsList": [
					""
				]
			},
			"OtherCarId": -1,
			"OtherDriver": {
				"Name": "",
				"Team": "",
				"Nation": "",
				"Guid": "",
				"GuidsList": null
			},
			"ImpactSpeed": 17.197632,
			"WorldPosition": {
				"X": 377.28656,
				"Y": -57.056583,
				"Z": -59.33945
			},
			"RelPosition": {
				"X": -0.99328125,
				"Y": 0.49636227,
				"Z": -2.0532358
			}
		},
		{
			"Type": "COLLISION_WITH_ENV",
			"CarId": 1,
			"Driver": {
				"Name": "MarianoWS",
				"Team": "",
				"Nation": "",
				"Guid": "76561198169865965",
				"GuidsList": [
					""
				]
			},
			"OtherCarId": -1,
			"OtherDriver": {
				"Name": "",
				"Team": "",
				"Nation": "",
				"Guid": "",
				"GuidsList": null
			},
			"ImpactSpeed": 53.96379,
			"WorldPosition": {
				"X": -108.640884,
				"Y": -62.411736,
				"Z": -22.095894
			},
			"RelPosition": {
				"X": -0.99794537,
				"Y": -0.0340015,
				"Z": 2.9348009
			}
		},
		{
			"Type": "COLLISION_WITH_ENV",
			"CarId": 1,
			"Driver": {
				"Name": "MarianoWS",
				"Team": "",
				"Nation": "",
				"Guid": "76561198169865965",
				"GuidsList": [
					""
				]
			},
			"OtherCarId": -1,
			"OtherDriver": {
				"Name": "",
				"Team": "",
				"Nation": "",
				"Guid": "",
				"GuidsList": null
			},
			"ImpactSpeed": 28.05582,
			"WorldPosition": {
				"X": -61.955486,
				"Y": -60.946674,
				"Z": -20.867662
			},
			"RelPosition": {
				"X": 0.9979461,
				"Y": -0.034002364,
				"Z": 2.9348018
			}
		},
		{
			"Type": "COLLISION_WITH_ENV",
			"CarId": 1,
			"Driver": {
				"Name": "MarianoWS",
				"Team": "",
				"Nation": "",
				"Guid": "76561198169865965",
				"GuidsList": [
					""
				]
			},
			"OtherCarId": -1,
			"OtherDriver": {
				"Name": "",
				"Team": "",
				"Nation": "",
				"Guid": "",
				"GuidsList": null
			},
			"ImpactSpeed": 7.7010193,
			"WorldPosition": {
				"X": -60.61788,
				"Y": -61.126236,
				"Z": -20.896782
			},
			"RelPosition": {
				"X": 1.0036975,
				"Y": -0.26078445,
				"Z": 2.9380064
			}
		},
		{
			"Type": "COLLISION_WITH_ENV",
			"CarId": 1,
			"Driver": {
				"Name": "MarianoWS",
				"Team": "",
				"Nation": "",
				"Guid": "76561198169865965",
				"GuidsList": [
					""
				]
			},
			"OtherCarId": -1,
			"OtherDriver": {
				"Name": "",
				"Team": "",
				"Nation": "",
				"Guid": "",
				"GuidsList": null
			},
			"ImpactSpeed": 42.298504,
			"WorldPosition": {
				"X": 363.09708,
				"Y": -57.5281,
				"Z": -54.91284
			},
			"RelPosition": {
				"X": 1.0033398,
				"Y": -0.24617022,
				"Z": 2.9378023
			}
		},
		{
			"Type": "COLLISION_WITH_ENV",
			"CarId": 0,
			"Driver": {
				"Name": "Manu Prado",
				"Team": "",
				"Nation": "ARG",
				"Guid": "76561198095517582",
				"GuidsList": [
					"76561198095517582"
				]
			},
			"OtherCarId": -1,
			"OtherDriver": {
				"Name": "",
				"Team": "",
				"Nation": "",
				"Guid": "",
				"GuidsList": null
			},
			"ImpactSpeed": 7.404223,
			"WorldPosition": {
				"X": 377.14307,
				"Y": -57.050407,
				"Z": -59.288593
			},
			"RelPosition": {
				"X": -0.993266,
				"Y": 0.4963621,
				"Z": -2.0532541
			}
		},
		{
			"Type": "COLLISION_WITH_ENV",
			"CarId": 1,
			"Driver": {
				"Name": "MarianoWS",
				"Team": "",
				"Nation": "",
				"Guid": "76561198169865965",
				"GuidsList": [
					""
				]
			},
			"OtherCarId": -1,
			"OtherDriver": {
				"Name": "",
				"Team": "",
				"Nation": "",
				"Guid": "",
				"GuidsList": null
			},
			"ImpactSpeed": 55.969234,
			"WorldPosition": {
				"X": 382.41306,
				"Y": -57.19006,
				"Z": -60.982758
			},
			"RelPosition": {
				"X": -0.99326146,
				"Y": 0.49636668,
				"Z": -2.0532722
			}
		},
		{
			"Type": "COLLISION_WITH_ENV",
			"CarId": 0,
			"Driver": {
				"Name": "Manu Prado",
				"Team": "",
				"Nation": "ARG",
				"Guid": "76561198095517582",
				"GuidsList": [
					"76561198095517582"
				]
			},
			"OtherCarId": -1,
			"OtherDriver": {
				"Name": "",
				"Team": "",
				"Nation": "",
				"Guid": "",
				"GuidsList": null
			},
			"ImpactSpeed": 56.83196,
			"WorldPosition": {
				"X": 377.38593,
				"Y": -57.585457,
				"Z": -59.391003
			},
			"RelPosition": {
				"X": 0.9979363,
				"Y": -0.034002014,
				"Z": 2.9348035
			}
		},
		{
			"Type": "COLLISION_WITH_ENV",
			"CarId": 0,
			"Driver": {
				"Name": "Manu Prado",
				"Team": "",
				"Nation": "ARG",
				"Guid": "76561198095517582",
				"GuidsList": [
					"76561198095517582"
				]
			},
			"OtherCarId": -1,
			"OtherDriver": {
				"Name": "",
				"Team": "",
				"Nation": "",
				"Guid": "",
				"GuidsList": null
			},
			"ImpactSpeed": 7.08624,
			"WorldPosition": {
				"X": 393.14056,
				"Y": -57.89235,
				"Z": -64.24416
			},
			"RelPosition": {
				"X": 0.9979375,
				"Y": -0.034005407,
				"Z": 2.934815
			}
		}
	]
}